{"loglik":19793.590273576057,"nobs_":4500,"pair copulas":{"tree0":{"pc0":{"fam":"TLL","ll":614.2667054083677,"nobs":4500,"npars":22.970762431060585,"par":{"data":[0.07019320143791499,0.5520936604230674,2.107899671711409,5.257693365039405,8.276904580140398,8.072763165399179,6.176943312515603,4.779658787107471,4.139516715965175,3.8062621717579836,3.091436896030675,1.800224059166385,0.7288497476872874,0.23252665479058446,0.061877988019494984,0.012003718880024432,0.0011827671146661597,3.221582591731476e-05,1.021797605493223e-07,1.2077940583759918e-11,1.2188605390682655e-17,1.5857984340829555e-26,2.5878365127509302e-39,3.8709676155479003e-57,4.749229063519659e-81,1.6240626356696782e-111,1.7311090797462245e-147,2.0662627475914872e-185,3.151407763963949e-220,2.5938884813899017e-249,0.28070220841567817,1.1271516159649315,2.7318860192092655,4.941959270519931,6.6314246560022205,6.276704405204474,4.731143360071086,3.5091083874887596,2.9122041839182513,2.7392402989900475,2.6746339735950353,2.322452896170496,1.577610011326407,0.8199978025139711,0.3324628218024643,0.09855441610947444,0.0171805306068615,0.0011992810705838916,1.926113259578163e-05,3.3381966022815696e-08,2.221621329489724e-12,1.4088997306795124e-18,1.438403516955315e-27,3.1922850413643616e-40,2.9927360837416057e-57,1.346673578938034e-78,1.195955415123818e-102,1.3300431272160431e-126,6.184943539474646e-149,4.189597302847656e-171,0.6284961347291668,1.9984831691360263,3.7695315817851407,5.563964122889068,6.637089766863057,6.028677373934872,4.383866040306918,3.0473884924548797,2.3280167196256816,2.047071270508215,2.0094539416398813,2.0043348477242353,1.7919851787650534,1.3034892335595034,0.7341726320328312,0.3023809286094095,0.08016855715565299,0.010930332288786797,0.0005456892701353028,6.0601975862401994e-06,7.237460390452089e-09,3.3391260838830306e-13,1.5957169016059702e-19,2.00188595827658e-28,3.233834838168042e-40,1.8990526929544535e-54,6.121917461021677e-70,5.66303943603098e-86,1.6127499768164532e-103,6.052808505491233e-125,0.27535986798717604,1.1510945695286108,2.5841964477216344,4.287987370728819,5.7316588078094455,5.8819360836457495,4.5682041607796195,3.106043474990189,2.2076271981325606,1.7901452057230982,1.6648896798723503,1.6838634001856234,1.6784571388802003,1.4714753700025973,1.0322189633019454,0.5382140973413859,0.19231209650982153,0.041710794727647015,0.004501591149813332,0.00017437281341561766,1.4545811349359415e-06,1.2553290989629438e-09,4.56205780829095e-14,3.2200848544688645e-20,3.8791851379151085e-28,1.5203710083519584e-37,2.761288560183111e-48,5.347090090922055e-61,2.66110054181325e-77,3.481503818524322e-99,0.08326968000180089,0.4010943008345307,1.0393565725099188,2.0061809314515493,3.241430820663318,4.2639253776270705,4.220290924998156,3.2865011130478354,2.377839228359087,1.8421992195469394,1.6168941452678096,1.580400491445913,1.6007056682247505,1.512314443848063,1.1969744694384687,0.7287400166579132,0.3208326446172715,0.09586668832885842,0.017387106451504698,0.0015485415568145106,4.764553205296025e-05,3.077394631131689e-07,2.3770473257400046e-10,1.4322607137303102e-14,5.606461527146721e-20,1.0626211537990171e-26,3.1966378457341485e-35,1.4002013150274172e-46,2.706880071931521e-62,5.3971026138009985e-84,0.028335294999739996,0.14994970675636793,0.42293351080361624,0.8752030644803009,1.5469711772618855,2.3916201013611365,3.008356739389163,2.961925753783319,2.4769266815150632,2.0078837756712913,1.733475069128754,1.6334718037694091,1.6134038373201836,1.5363258394615333,1.2793391915343975,0.857050700135748,0.43756214840105945,0.16407010127869834,0.042475998630484166,0.006638931511266026,0.0004957546230469674,1.273908182626197e-05,7.776778533104067e-08,7.859381254936915e-11,8.346971469685875e-15,3.951683994182166e-20,1.7482153178381072e-27,6.957010850076728e-38,1.2288077158811836e-52,2.8603920739185124e-73,0.009658588273888713,0.05908838874947564,0.19425376924649276,0.4407689719766032,0.8224516852128881,1.3569217549152623,1.934800358601633,2.2782769029491705,2.2603397718163367,2.0498962045797904,1.8495639997969322,1.7348772403307051,1.6735666227513137,1.5724612611975726,1.3351872274164513,0.953623837252133,0.5451031486246871,0.24258028024338496,0.0811638345134735,0.018806396039701273,0.0025895061475812594,0.00016891346316984707,3.891057167206758e-06,2.147521814305805e-08,1.5522115685611043e-11,5.398699389092236e-16,2.017339837779926e-22,1.1347397623336185e-31,9.072952087667883e-45,1.1927672601055773e-62,0.0030590162675711123,0.022702917995156786,0.09772452504799505,0.2672320680074783,0.5466768639769519,0.9333287284585703,1.3766155445535995,1.743198885332646,1.9147878295527967,1.9094675392095881,1.8330579737626613,1.7626429647742183,1.7028101232474229,1.6018556836478306,1.3927387696717504,1.056473245276681,0.6679118135666338,0.3433564243762338,0.14072231918459455,0.04385034052685239,0.009395492184300736,0.0011679453034015425,6.50716883643379e-05,1.1023646867208376e-06,3.1078885057031763e-09,5.921588202337814e-13,2.3306425448338982e-18,5.0059045211120604e-26,1.7189496842929452e-36,5.876978069975318e-50,0.001443801148096305,0.012131411119842308,0.06710006183419795,0.2238666702751501,0.4993078638890268,0.8488353976099778,1.2036095248388095,1.4901687455898662,1.657432648163812,1.7095347676869415,1.6974317700648467,1.6703446982980903,1.6393555357175151,1.575642192951781,1.4290689869020983,1.16592279664507,0.8189755189825435,0.48348036101537456,0.23760586818506121,0.09509571913993921,0.029090287001420988,0.005973317956182651,0.000660150644851956,2.791306043349683e-05,2.7363376413267876e-07,3.191811312870652e-10,2.1168519555211846e-14,4.1151075888590375e-20,1.3254471320518813e-27,5.503730721113717e-37,0.0034717343564857825,0.018605113701466974,0.09090862736773349,0.30081108463375594,0.6424256515502543,0.9935859655842926,1.262920396230461,1.4323682636580688,1.5155038161573633,1.5353266793854077,1.522535479970649,1.5051928306980782,1.4929510625591704,1.471444737036971,1.4036987557520155,1.2431638724669951,0.977088268925679,0.6634066065334101,0.3879419895190762,0.19522744532711328,0.08196625445287496,0.026230926511839968,0.005395010726813566,0.0005487501223512074,1.9317463364474094e-05,1.5392096793530615e-07,1.807377114067037e-10,2.046869256450407e-14,1.3982301034741955e-19,4.6408716080172386e-26,0.020453440046021128,0.056092696427381135,0.17160713918958215,0.4502702418843855,0.8494575303993732,1.182878268108696,1.3606390939893818,1.4209294325409891,1.4207164355405972,1.3937163392926497,1.3597424263667621,1.3333595155652356,1.322268399422505,1.32374962398405,1.317583932952894,1.2596985043579818,1.1042355628986338,0.8579751148431274,0.5890454531476912,0.36273707909332015,0.20029076994242168,0.09451593594484052,0.03402176408806816,0.00778641237180253,0.000883072477913957,3.651187528090144e-05,3.953016216499909e-07,8.196168709813704e-10,2.326325202406603e-13,7.24681050742505e-18,0.10050089347195575,0.16538467613547414,0.31000174579941137,0.5755738358534245,0.903873081116333,1.1632990125549987,1.2939068992559912,1.3250907439910509,1.3058885018098605,1.267597450537425,1.226599906827529,1.1934617482261773,1.1768022834061693,1.1832251460958922,1.2091371018197048,1.2259304825148831,1.1797392752455276,1.0332808704680163,0.813650624442074,0.5873389662837357,0.39751326283265953,0.24947459197164928,0.13589669360870268,0.05660122438730908,0.014871184843949711,0.001930084790150071,9.796740376928766e-05,1.602068412970844e-06,6.230682539409351e-09,4.2058200753210664e-12,0.3706311031871584,0.4137757265418854,0.5248740798838339,0.6986168414681755,0.8773940382389065,1.0108474802517382,1.094929632653859,1.140345310460343,1.154553593372827,1.1443879124797984,1.119306372422349,1.0904719445677742,1.070339457227147,1.0731096208401114,1.108046256676925,1.1645202375412866,1.200433063748996,1.15899613780327,1.0203161253115844,0.8265354139580169,0.6349260938487727,0.4688032340443631,0.3224795241744003,0.19007063514147451,0.0838213615855999,0.02346815081509262,0.00361208114024151,0.00026257729297757065,6.424813277404376e-06,