{"d": 5, "pair_copula": [[[{"fam": "BB7", "ll": 162625.36516049682, "nobs": 6400, "npars": 2.0, "par": {"data": [4.270844410734371, 12.048354163051377], "shape": [2, 1]}, "rot": 0, "vt": ["c", "c"]}, {"fam": "BB7", "ll": 162625.36516049682, "nobs": 6400, "npars": 2.0, "par": {"data": [4.270844410734371, 12.048354163051377], "shape": [2, 1]}, "rot": 0, "vt": ["c", "c"]}, {"fam": "BB7", "ll": 162625.36516049682, "nobs": 6400, "npars": 2.0, "par": {"data": [4.270844410734371, 12.048354163051377], "shape": [2, 1]}, "rot": 0, "vt": ["c", "c"]}], [{"fam": "BB7", "ll": 162625.36516049682, "nobs": 6400, "npars": 2.0, "par": {"data": [4.270844410734371, 12.048354163051377], "shape": [2, 1]}, "rot": 0, "vt": ["c", "c"]}, {"fam": "BB7", "ll": 162625.36516049682, "nobs": 6400, "npars": 2.0, "par": {"data": [4.270844410734371, 12.048354163051377], "shape": [2, 1]}, "rot": 0, "vt": ["c", "c"]}], [{"fam": "BB7", "ll": 162625.36516049682, "nobs": 6400, "npars": 2.0, "par": {"data": [4.270844410734371, 12.048354163051377], "shape": [2, 1]}, "rot": 0, "vt": ["c", "c"]}]]], "node_tree": [[[2, 3], [3, 4], [4, 5]], [[1, 2], [2, 3], [3, 4]], [[1, 3, 2], [2, 4, 3]], [[1, 4, 2, 3]], [[[2, 3], [3, 4], [4, 5]], [[1, 2], [2, 3], [3, 4]], [[1, 3, 2], [2, 4, 3]], [[1, 4, 2, 3]]], [[2, 4, 3], [3, 5, 4]], [[2, 5, 3, 4]]], "couple_tree": [[[2, 3], [3, 4], [4, 5]], [[1, 2], [2, 3], [3, 4]], [[1, 2], [2, 3]], [[1, 2]], [[[2, 3], [3, 4], [4, 5]], [[1, 2], [2, 3], [3, 4]], [[1, 2], [2, 3]], [[1, 2]]], [[1, 2], [2, 3]], [[1, 2]]], "weight": [[1.0, 1.0, 1.0], [1.0, 1.0, 1.0], [1.0, 1.0], [1.0], [[1.0, 1.0, 1.0], [1.0, 1.0, 1.0], [1.0, 1.0], [1.0]], [1.0, 1.0], [1.0]], "structure": [[[2.0, 3.0, 4.0, 4.0], [3.0, 4.0, 3.0, 0.0], [4.0, 2.0, 0.0, 0.0], [1.0, 0.0, 0.0, 0.0]]], "bicop_init": [], "metric_init": [0, 0, 0, 0, 1.0, 1.0, 1.0, 1.0, 1.0, 1.0], "all_couple_init": [[1, 2], [1, 3], [1, 4], [1, 5], [2, 3], [2, 4], [2, 5], [3, 4], [3, 5], [4, 5]], "t_max": 2, "metric": "tau", "bins": 1, "threshold": true, "threshold_value": 0.3, "level": "0", "permutation": [[0, 0, 0, 0, 0], [3, 4, 5, 0, 0], [4, 5, 0, 0, 0], [5, 0, 0, 0, 0], [0, 0, 0, 0, 0]], "tree_indep": [[2, 3, 4, 5]], "order": [1, 2, 3, 4, 5], "n": 6400, "permuration": [[[2, 3, 4, 0], [3, 4, 0, 0], [4, 0, 0, 0], [0, 0, 0, 0]]]}