{"d": 4, "pair_copula": [[[{"fam": "Frank", "ll": 12358.172895206213, "nobs": 6400, "npars": 1.0, "par": {"data": [34.99998899796273], "shape": [1, 1]}, "rot": 0, "vt": ["c", "c"]}, {"fam": "Gumbel", "ll": 15317.947523476207, "nobs": 6400, "npars": 1.0, "par": {"data": [17.141858527059092], "shape": [1, 1]}, "rot": 180, "vt": ["c", "c"]}], [{"fam": "Frank", "ll": 12039.153046690693, "nobs": 6400, "npars": 1.0, "par": {"data": [34.99998899796273], "shape": [1, 1]}, "rot": 0, "vt": ["c", "c"]}]]], "node_tree": [[[2, 3], [3, 4]], [[1, 2], [2, 3]], [[1, 3, 2]], [[[2, 3], [3, 4]], [[1, 2], [2, 3]], [[1, 3, 2]]], [[2, 4, 3]]], "couple_tree": [[[2, 3], [3, 4]], [[1, 2], [2, 3]], [[1, 2]], [[[2, 3], [3, 4]], [[1, 2], [2, 3]], [[1, 2]]], [[1, 2]]], "weight": [[0.936485971710971, 0.9570576948183023], [0.936485971710971, 0.9570576948183023], [0.924402763051258], [[0.936485971710971, 0.9570576948183023], [0.936485971710971, 0.9570576948183023], [0.924402763051258]], [0.924402763051258]], "structure": [[[2.0, 3.0, 3.0], [3.0, 2.0, 0.0], [1.0, 0.0, 0.0]]], "bicop_init": [], "metric_init": [0, 0, 0, 0.936485971710971, 0.924402763051258, 0.9570576948183023], "all_couple_init": [[1, 2], [1, 3], [1, 4], [2, 3], [2, 4], [3, 4]], "t_max": 1, "metric": "tau", "bins": 1, "threshold": true, "threshold_value": 0.5, "level": "0", "permutation": [[0, 0, 0, 0], [3, 4, 0, 0], [4, 0, 0, 0], [0, 0, 0, 0]], "tree_indep": [[2, 3, 4]], "order": [1, 2, 3, 4], "n": 6400, "permuration": [[[2, 3, 0], [3, 0, 0], [0, 0, 0]]]}